-- phpMyAdmin SQL Dump
-- version 4.5.1
-- http://www.phpmyadmin.net
--
-- Host: 127.0.0.1
-- Generation Time: Nov 02, 2016 at 03:12 AM
-- Server version: 10.1.16-MariaDB
-- PHP Version: 5.6.24

SET SQL_MODE = "NO_AUTO_VALUE_ON_ZERO";
SET time_zone = "+00:00";


/*!40101 SET @OLD_CHARACTER_SET_CLIENT=@@CHARACTER_SET_CLIENT */;
/*!40101 SET @OLD_CHARACTER_SET_RESULTS=@@CHARACTER_SET_RESULTS */;
/*!40101 SET @OLD_COLLATION_CONNECTION=@@COLLATION_CONNECTION */;
/*!40101 SET NAMES utf8mb4 */;

--
-- Database: `p_db`
--

-- --------------------------------------------------------

--
-- Table structure for table `admin`
--

CREATE TABLE `admin` (
  `username` varchar(20) NOT NULL,
  `password` varchar(80) NOT NULL
) ENGINE=InnoDB DEFAULT CHARSET=latin1;

--
-- Dumping data for table `admin`
--

INSERT INTO `admin` (`username`, `password`) VALUES
('ADMIN', '$2y$12$wHL0jvtUfphGu/sHU6pf5eA9zyrQa5yrnvgjui47zSA/ESunljS3.');

-- --------------------------------------------------------

--
-- Table structure for table `archived_project`
--

CREATE TABLE `archived_project` (
  `p_id` varchar(50) NOT NULL,
  `t_id` varchar(20) NOT NULL,
  `s_id` varchar(20) NOT NULL,
  `c_id` varchar(50) NOT NULL,
  `Series` varchar(20) NOT NULL,
  `Section` varchar(20) NOT NULL,
  `ct1` varchar(20) DEFAULT '0',
  `ct2` varchar(20) DEFAULT '0',
  `ct3` varchar(20) DEFAULT '0',
  `ct4` varchar(20) DEFAULT '0',
  `lab1` varchar(20) DEFAULT '-',
  `lab2` varchar(20) DEFAULT '-',
  `lab3` varchar(20) DEFAULT '-',
  `lab4` varchar(20) NOT NULL DEFAULT '-'
) ENGINE=InnoDB DEFAULT CHARSET=latin1;

--
-- Dumping data for table `archived_project`
--

INSERT INTO `archived_project` (`p_id`, `t_id`, `s_id`, `c_id`, `Series`, `Section`, `ct1`, `ct2`, `ct3`, `ct4`, `lab1`, `lab2`, `lab3`, `lab4`) VALUES
('STZ_CSE502_12', 'STZ', '123061', 'CSE 502', '12', 'B', '0', '0', '0', '0', '-', '-', '-', '-'),
('STZ_CSE502_12', 'STZ', '123062', 'CSE 502', '12', 'B', '0', '0', '0', '0', '-', '-', '-', '-'),
('STZ_CSE502_12', 'STZ', '123063', 'CSE 502', '12', 'B', '0', '0', '0', '0', '-', '-', '-', '-'),
('STZ_CSE502_12', 'STZ', '123064', 'CSE 502', '12', 'B', '0', '0', '0', '0', '-', '-', '-', '-'),
('STZ_CSE502_12', 'STZ', '123065', 'CSE 502', '12', 'B', '0', '0', '0', '0', '-', '-', '-', '-'),
('STZ_CSE502_12', 'STZ', '123066', 'CSE 502', '12', 'B', '0', '0', '0', '0', '-', '-', '-', '-'),
('STZ_CSE502_12', 'STZ', '123067', 'CSE 502', '12', 'B', '0', '0', '0', '0', '-', '-', '-', '-'),
('STZ_CSE502_12', 'STZ', '123068', 'CSE 502', '12', 'B', '0', '0', '0', '0', '-', '-', '-', '-'),
('STZ_CSE502_12', 'STZ', '123069', 'CSE 502', '12', 'B', '0', '0', '0', '0', '-', '-', '-', '-'),
('STZ_CSE502_12', 'STZ', '123070', 'CSE 502', '12', 'B', '0', '0', '0', '0', '-', '-', '-', '-'),
('STZ_CSE502_12', 'STZ', '123071', 'CSE 502', '12', 'B', '0', '0', '0', '0', '-', '-', '-', '-'),
('STZ_CSE502_12', 'STZ', '123072', 'CSE 502', '12', 'B', '0', '0', '0', '0', '-', '-', '-', '-'),
('STZ_CSE502_12', 'STZ', '123073', 'CSE 502', '12', 'B', '0', '0', '0', '0', '-', '-', '-', '-'),
('STZ_CSE502_12', 'STZ', '123074', 'CSE 502', '12', 'B', '0', '0', '0', '0', '-', '-', '-', '-'),
('STZ_CSE502_12', 'STZ', '123075', 'CSE 502', '12', 'B', '0', '0', '0', '0', '-', '-', '-', '-'),
('STZ_CSE502_12', 'STZ', '123076', 'CSE 502', '12', 'B', '0', '0', '0', '0', '-', '-', '-', '-'),
('STZ_CSE502_12', 'STZ', '123077', 'CSE 502', '12', 'B', '0', '0', '0', '0', '-', '-', '-', '-'),
('STZ_CSE502_12', 'STZ', '123078', 'CSE 502', '12', 'B', '0', '0', '0', '0', '-', '-', '-', '-'),
('STZ_CSE502_12', 'STZ', '123079', 'CSE 502', '12', 'B', '0', '0', '0', '0', '-', '-', '-', '-'),
('STZ_CSE502_12', 'STZ', '123080', 'CSE 502', '12', 'B', '0', '0', '0', '0', '-', '-', '-', '-'),
('STZ_CSE502_12', 'STZ', '123081', 'CSE 502', '12', 'B', '0', '0', '0', '0', '-', '-', '-', '-'),
('STZ_CSE502_12', 'STZ', '123082', 'CSE 502', '12', 'B', '0', '0', '0', '0', '-', '-', '-', '-'),
('STZ_CSE502_12', 'STZ', '123083', 'CSE 502', '12', 'B', '0', '0', '0', '0', '-', '-', '-', '-'),
('STZ_CSE502_12', 'STZ', '123084', 'CSE 502', '12', 'B', '0', '0', '0', '0', '-', '-', '-', '-'),
('STZ_CSE502_12', 'STZ', '123085', 'CSE 502', '12', 'B', '0', '0', '0', '0', '-', '-', '-', '-'),
('STZ_CSE502_12', 'STZ', '123086', 'CSE 502', '12', 'B', '0', '0', '0', '0', '-', '-', '-', '-'),
('STZ_CSE502_12', 'STZ', '123087', 'CSE 502', '12', 'B', '0', '0', '0', '0', '-', '-', '-', '-'),
('STZ_CSE502_12', 'STZ', '123088', 'CSE 502', '12', 'B', '0', '0', '0', '0', '-', '-', '-', '-'),
('STZ_CSE502_12', 'STZ', '123089', 'CSE 502', '12', 'B', '0', '0', '0', '0', '-', '-', '-', '-'),
('STZ_CSE502_12', 'STZ', '123090', 'CSE 502', '12', 'B', '0', '0', '0', '0', '-', '-', '-', '-'),
('STZ_CSE502_12', 'STZ', '123091', 'CSE 502', '12', 'B', '0', '0', '0', '0', '-', '-', '-', '-'),
('STZ_CSE502_12', 'STZ', '123092', 'CSE 502', '12', 'B', '0', '0', '0', '0', '-', '-', '-', '-'),
('STZ_CSE502_12', 'STZ', '123093', 'CSE 502', '12', 'B', '0', '0', '0', '0', '-', '-', '-', '-'),
('STZ_CSE502_12', 'STZ', '123094', 'CSE 502', '12', 'B', '0', '0', '0', '0', '-', '-', '-', '-'),
('STZ_CSE502_12', 'STZ', '123095', 'CSE 502', '12', 'B', '0', '0', '0', '0', '-', '-', '-', '-'),
('STZ_CSE502_12', 'STZ', '123096', 'CSE 502', '12', 'B', '0', '0', '0', '0', '-', '-', '-', '-'),
('STZ_CSE502_12', 'STZ', '123097', 'CSE 502', '12', 'B', '0', '0', '0', '0', '-', '-', '-', '-'),
('STZ_CSE502_12', 'STZ', '123098', 'CSE 502', '12', 'B', '0', '0', '0', '0', '-', '-', '-', '-'),
('STZ_CSE502_12', 'STZ', '123099', 'CSE 502', '12', 'B', '0', '0', '0', '0', '-', '-', '-', '-'),
('STZ_CSE502_12', 'STZ', '123100', 'CSE 502', '12', 'B', '0', '0', '0', '0', '-', '-', '-', '-'),
('STZ_CSE502_12', 'STZ', '123101', 'CSE 502', '12', 'B', '0', '0', '0', '0', '-', '-', '-', '-'),
('STZ_CSE502_12', 'STZ', '123102', 'CSE 502', '12', 'B', '0', '0', '0', '0', '-', '-', '-', '-'),
('STZ_CSE502_12', 'STZ', '123103', 'CSE 502', '12', 'B', '0', '0', '0', '0', '-', '-', '-', '-'),
('STZ_CSE502_12', 'STZ', '123104', 'CSE 502', '12', 'B', '0', '0', '0', '0', '-', '-', '-', '-'),
('STZ_CSE502_12', 'STZ', '123105', 'CSE 502', '12', 'B', '0', '0', '0', '0', '-', '-', '-', '-'),
('STZ_CSE502_12', 'STZ', '123106', 'CSE 502', '12', 'B', '0', '0', '0', '0', '-', '-', '-', '-'),
('STZ_CSE502_12', 'STZ', '123107', 'CSE 502', '12', 'B', '0', '0', '0', '0', '-', '-', '-', '-'),
('STZ_CSE502_12', 'STZ', '123108', 'CSE 502', '12', 'B', '0', '0', '0', '0', '-', '-', '-', '-'),
('STZ_CSE502_12', 'STZ', '123109', 'CSE 502', '12', 'B', '0', '0', '0', '0', '-', '-', '-', '-'),
('STZ_CSE502_12', 'STZ', '123110', 'CSE 502', '12', 'B', '0', '0', '0', '0', '-', '-', '-', '-'),
('STZ_CSE502_12', 'STZ', '123111', 'CSE 502', '12', 'B', '0', '0', '0', '0', '-', '-', '-', '-'),
('STZ_CSE502_12', 'STZ', '123112', 'CSE 502', '12', 'B', '0', '0', '0', '0', '-', '-', '-', '-'),
('STZ_CSE502_12', 'STZ', '123113', 'CSE 502', '12', 'B', '0', '0', '0', '0', '-', '-', '-', '-'),
('STZ_CSE502_12', 'STZ', '123114', 'CSE 502', '12', 'B', '0', '0', '0', '0', '-', '-', '-', '-'),
('STZ_CSE502_12', 'STZ', '123115', 'CSE 502', '12', 'B', '0', '0', '0', '0', '-', '-', '-', '-'),
('STZ_CSE502_12', 'STZ', '123116', 'CSE 502', '12', 'B', '0', '0', '0', '0', '-', '-', '-', '-'),
('STZ_CSE502_12', 'STZ', '123117', 'CSE 502', '12', 'B', '0', '0', '0', '0', '-', '-', '-', '-'),
('STZ_CSE502_12', 'STZ', '123118', 'CSE 502', '12', 'B', '0', '0', '0', '0', '-', '-', '-', '-'),
('STZ_CSE502_12', 'STZ', '123119', 'CSE 502', '12', 'B', '0', '0', '0', '0', '-', '-', '-', '-'),
('STZ_CSE502_12', 'STZ', '123120', 'CSE 502', '12', 'B', '0', '0', '0', '0', '-', '-', '-', '-');

-- --------------------------------------------------------

--
-- Table structure for table `course`
--

CREATE TABLE `course` (
  `c_id` varchar(20) NOT NULL,
  `c_name` varchar(50) DEFAULT NULL,
  `c_type` int(20) NOT NULL DEFAULT '1'
) ENGINE=InnoDB DEFAULT CHARSET=latin1;

--
-- Dumping data for table `course`
--

INSERT INTO `course` (`c_id`, `c_name`, `c_type`) VALUES
('CSE 501', 'Data Base Systems', 1),
('CSE 502', 'Sessional Based on CSE 501', 2),
('CSE 507', 'Microprocessor & Assembly Language', 1),
('CSE 601', 'Operating System', 1);

-- --------------------------------------------------------

--
-- Table structure for table `course_plan`
--

CREATE TABLE `course_plan` (
  `t_id` varchar(20) NOT NULL,
  `c_id` varchar(20) NOT NULL,
  `day` varchar(20) NOT NULL,
  `topics` varchar(100) DEFAULT NULL,
  `files` varchar(250) DEFAULT NULL,
  `no` int(200) NOT NULL,
  `p_id` varchar(50) DEFAULT NULL
) ENGINE=InnoDB DEFAULT CHARSET=latin1;

--
-- Dumping data for table `course_plan`
--

INSERT INTO `course_plan` (`t_id`, `c_id`, `day`, `topics`, `files`, `no`, `p_id`) VALUES
('SZM', 'CSE 501', '1A', 'Chapter 1: 1.1, 1.2, 1.5', 'teacher/szm/qtheory.pdf', 26, NULL),
('SZM', 'CSE 501', '1C', 'Chapter 2: 2.1, 2.2', '', 27, NULL),
('SZM', 'CSE 501', '1E', 'Chapter 3: 3.1, 3.3', '', 28, NULL),
('SZM', 'CSE 501', '2A', 'Chapter 4: 4.1, 4.2, 4.3', '', 29, NULL),
('SZM', 'CSE 501', '2C', 'Chapter 5: 5.1', '', 30, NULL),
('SZM', 'CSE 501', '123', 'Chapter 6: 6.1, 6.11', '', 31, NULL),
('STZ', 'CSE 501', '1A', 'okkk', '', 32, NULL),
('STZ', 'CSE 501', '1O', '1234', '456', 34, NULL),
('STZ', 'CSE 507', '1A', 'chapter 1', 'C:/xampp/htdocs/project5/1157f477f6aaa1a6.72995320.ppt', 49, 'STZ_CSE507_12'),
('BS', 'CSE 601', '1A', 'chapter 1: 2,3,5,7,8,', 'C:/xampp/htdocs/project5/0158192c9d00c072.59307439.pdf', 53, 'BS_CSE601_12');

-- --------------------------------------------------------

--
-- Table structure for table `notice`
--

CREATE TABLE `notice` (
  `notices` varchar(200) NOT NULL,
  `details` varchar(200) NOT NULL,
  `link` varchar(500) DEFAULT NULL,
  `notice_type` varchar(5) NOT NULL,
  `dates` date NOT NULL,
  `no` int(20) NOT NULL
) ENGINE=InnoDB DEFAULT CHARSET=latin1;

--
-- Dumping data for table `notice`
--

INSERT INTO `notice` (`notices`, `details`, `link`, `notice_type`, `dates`, `no`) VALUES
('4th Year Backlog Exam 2014', '4th Year Backlog Exam 2014', 'f6cd94fdb58d1d1586b1836735c490ed52c61ac2.jpeg', 'UG', '2016-03-16', 21),
('4th Year 8th Semester Exam (2010 series)', '4th Year 8th Semester Exam (2010 series)', '0ba46d9e64f5695449ed262ed9ec0487464976b1.jpeg', 'UG', '2016-03-18', 22),
('4th Year 8th Semester Class & Exam', '4th Year 8th Semester Class & Exam', 'b10c62ed55acf3afd47b62902d5e4f9cbd0f2158.jpeg', 'UG', '2016-03-20', 23),
('Preliminary Selected Candidates for Postgraduate Admission (2015-2016)', 'Preliminary Selected Candidates for Postgraduate Admission (2015-2016)', 'cda7047937ad4ed7d348fbded664ca839931b88b.pdf', 'PG', '2016-03-20', 25),
('PG Exam (2014-15, 1st Year, odd Semester)', 'PG Exam (2014-15, 1st Year, odd Semester)', '0bae2296c19bb18e0f900c8df2a4ba5a15f14c1c.jpeg', 'PG', '2016-03-18', 26),
('CCNA Admission', 'CCNA Admission', '0387e0ea586a38ad0cbd1913c608bc13eeefd2da.jpeg', 'Other', '2016-03-20', 27);

-- --------------------------------------------------------

--
-- Table structure for table `project`
--

CREATE TABLE `project` (
  `p_id` varchar(50) NOT NULL DEFAULT '',
  `t_id` varchar(20) NOT NULL,
  `s_id` varchar(20) NOT NULL,
  `c_id` varchar(50) NOT NULL,
  `Series` varchar(20) NOT NULL,
  `Section` varchar(20) NOT NULL,
  `ct1` varchar(20) DEFAULT '0',
  `ct2` varchar(20) DEFAULT '0',
  `ct3` varchar(20) DEFAULT '0',
  `ct4` varchar(20) DEFAULT '0',
  `lab1` varchar(20) DEFAULT '-',
  `lab2` varchar(20) DEFAULT '-',
  `lab3` varchar(20) DEFAULT '-',
  `lab4` varchar(20) NOT NULL DEFAULT '-'
) ENGINE=InnoDB DEFAULT CHARSET=latin1;

--
-- Dumping data for table `project`
--

INSERT INTO `project` (`p_id`, `t_id`, `s_id`, `c_id`, `Series`, `Section`, `ct1`, `ct2`, `ct3`, `ct4`, `lab1`, `lab2`, `lab3`, `lab4`) VALUES
('BS_CSE502_12', 'BS', '123061', 'CSE 502', '12', 'B', '0', '0', '0', '0', '-', '-', '-', '-'),
('BS_CSE502_12', 'BS', '123062', 'CSE 502', '12', 'B', '0', '0', '0', '0', '-', '-', '-', '-'),
('BS_CSE502_12', 'BS', '123063', 'CSE 502', '12', 'B', '0', '0', '0', '0', '-', '-', '-', '-'),
('BS_CSE502_12', 'BS', '123064', 'CSE 502', '12', 'B', '0', '0', '0', '0', '-', '-', '-', '-'),
('BS_CSE502_12', 'BS', '123065', 'CSE 502', '12', 'B', '0', '0', '0', '0', '-', '-', '-', '-'),
('BS_CSE502_12', 'BS', '123066', 'CSE 502', '12', 'B', '0', '0', '0', '0', '-', '-', '-', '-'),
('BS_CSE502_12', 'BS', '123067', 'CSE 502', '12', 'B', '0', '0', '0', '0', '-', '-', '-', '-'),
('BS_CSE502_12', 'BS', '123068', 'CSE 502', '12', 'B', '0', '0', '0', '0', '-', '-', '-', '-'),
('BS_CSE502_12', 'BS', '123069', 'CSE 502', '12', 'B', '0', '0', '0', '0', '-', '-', '-', '-'),
('BS_CSE502_12', 'BS', '123070', 'CSE 502', '12', 'B', '0', '0', '0', '0', '-', '-', '-', '-'),
('BS_CSE502_12', 'BS', '123071', 'CSE 502', '12', 'B', '0', '0', '0', '0', '-', '-', '-', '-'),
('BS_CSE502_12', 'BS', '123072', 'CSE 502', '12', 'B', '0', '0', '0', '0', '-', '-', '-', '-'),
('BS_CSE502_12', 'BS', '123073', 'CSE 502', '12', 'B', '0', '0', '0', '0', '-', '-', '-', '-'),
('BS_CSE502_12', 'BS', '123074', 'CSE 502', '12', 'B', '0', '0', '0', '0', '-', '-', '-', '-'),
('BS_CSE502_12', 'BS', '123075', 'CSE 502', '12', 'B', '0', '0', '0', '0', '-', '-', '-', '-'),
('BS_CSE502_12', 'BS', '123076', 'CSE 502', '12', 'B', '0', '0', '0', '0', '-', '-', '-', '-'),
('BS_CSE502_12', 'BS', '123077', 'CSE 502', '12', 'B', '0', '0', '0', '0', '-', '-', '-', '-'),
('BS_CSE502_12', 'BS', '123078', 'CSE 502', '12', 'B', '0', '0', '0', '0', '-', '-', '-', '-'),
('BS_CSE502_12', 'BS', '123079', 'CSE 502', '12', 'B', '0', '0', '0', '0', '-', '-', '-', '-'),
('BS_CSE502_12', 'BS', '123080', 'CSE 502', '12', 'B', '0', '0', '0', '0', '-', '-', '-', '-'),
('BS_CSE502_12', 'BS', '123081', 'CSE 502', '12', 'B', '0', '0', '0', '0', '-', '-', '-', '-'),
('BS_CSE502_12', 'BS', '123082', 'CSE 502', '12', 'B', '0', '0', '0', '0', '-', '-', '-', '-'),
('BS_CSE502_12', 'BS', '123083', 'CSE 502', '12', 'B', '0', '0', '0', '0', '-', '-', '-', '-'),
('BS_CSE502_12', 'BS', '123084', 'CSE 502', '12', 'B', '0', '0', '0', '0', '-', '-', '-', '-'),
('BS_CSE502_12', 'BS', '123085', 'CSE 502', '12', 'B', '0', '0', '0', '0', '-', '-', '-', '-'),
('BS_CSE502_12', 'BS', '123086', 'CSE 502', '12', 'B', '0', '0', '0', '0', '-', '-', '-', '-'),
('BS_CSE502_12', 'BS', '123087', 'CSE 502', '12', 'B', '0', '0', '0', '0', '-', '-', '-', '-'),
('BS_CSE502_12', 'BS', '123088', 'CSE 502', '12', 'B', '0', '0', '0', '0', '-', '-', '-', '-'),
('BS_CSE502_12', 'BS', '123089', 'CSE 502', '12', 'B', '0', '0', '0', '0', '-', '-', '-', '-'),
('BS_CSE502_12', 'BS', '123090', 'CSE 502', '12', 'B', '0', '0', '0', '0', '-', '-', '-', '-'),
('BS_CSE502_12', 'BS', '123091', 'CSE 502', '12', 'B', '0', '0', '0', '0', '-', '-', '-', '-'),
('BS_CSE502_12', 'BS', '123092', 'CSE 502', '12', 'B', '0', '0', '0', '0', '-', '-', '-', '-'),
('BS_CSE502_12', 'BS', '123093', 'CSE 502', '12', 'B', '0', '0', '0', '0', '-', '-', '-', '-'),
('BS_CSE502_12', 'BS', '123094', 'CSE 502', '12', 'B', '0', '0', '0', '0', '-', '-', '-', '-'),
('BS_CSE502_12', 'BS', '123095', 'CSE 502', '12', 'B', '0', '0', '0', '0', '-', '-', '-', '-'),
('BS_CSE502_12', 'BS', '123096', 'CSE 502', '12', 'B', '0', '0', '0', '0', '-', '-', '-', '-'),
('BS_CSE502_12', 'BS', '123097', 'CSE 502', '12', 'B', '0', '0', '0', '0', '-', '-', '-', '-'),
('BS_CSE502_12', 'BS', '123098', 'CSE 502', '12', 'B', '0', '0', '0', '0', '-', '-', '-', '-'),
('BS_CSE502_12', 'BS', '123099', 'CSE 502', '12', 'B', '0', '0', '0', '0', '-', '-', '-', '-'),
('BS_CSE502_12', 'BS', '123100', 'CSE 502', '12', 'B', '0', '0', '0', '0', '-', '-', '-', '-'),
('BS_CSE502_12', 'BS', '123101', 'CSE 502', '12', 'B', '0', '0', '0', '0', '-', '-', '-', '-'),
('BS_CSE502_12', 'BS', '123102', 'CSE 502', '12', 'B', '0', '0', '0', '0', '-', '-', '-', '-'),
('BS_CSE502_12', 'BS', '123103', 'CSE 502', '12', 'B', '0', '0', '0', '0', '-', '-', '-', '-'),
('BS_CSE502_12', 'BS', '123104', 'CSE 502', '12', 'B', '0', '0', '0', '0', '-', '-', '-', '-'),
('BS_CSE502_12', 'BS', '123105', 'CSE 502', '12', 'B', '0', '0', '0', '0', '20', '15', '-', '-'),
('BS_CSE502_12', 'BS', '123106', 'CSE 502', '12', 'B', '0', '0', '0', '0', '-', '-', '-', '-'),
('BS_CSE502_12', 'BS', '123107', 'CSE 502', '12', 'B', '0', '0', '0', '0', '-', '-', '-', '-'),
('BS_CSE502_12', 'BS', '123108', 'CSE 502', '12', 'B', '0', '0', '0', '0', '-', '-', '-', '-'),
('BS_CSE502_12', 'BS', '123109', 'CSE 502', '12', 'B', '0', '0', '0', '0', '-', '-', '-', '-'),
('BS_CSE502_12', 'BS', '123110', 'CSE 502', '12', 'B', '0', '0', '0', '0', '-', '-', '-', '-'),
('BS_CSE502_12', 'BS', '123111', 'CSE 502', '12', 'B', '0', '0', '0', '0', '-', '-', '-', '-'),
('BS_CSE502_12', 'BS', '123112', 'CSE 502', '12', 'B', '0', '0', '0', '0', '-', '-', '-', '-'),
('BS_CSE502_12', 'BS', '123113', 'CSE 502', '12', 'B', '0', '0', '0', '0', '-', '-', '-', '-'),
('BS_CSE502_12', 'BS', '123114', 'CSE 502', '12', 'B', '0', '0', '0', '0', '-', '-', '-', '-'),
('BS_CSE502_12', 'BS', '123115', 'CSE 502', '12', 'B', '0', '0', '0', '0', '-', '-', '-', '-'),
('BS_CSE502_12', 'BS', '123116', 'CSE 502', '12', 'B', '0', '0', '0', '0', '-', '-', '-', '-'),
('BS_CSE502_12', 'BS', '123117', 'CSE 502', '12', 'B', '0', '0', '0', '0', '-', '-', '-', '-'),
('BS_CSE502_12', 'BS', '123118', 'CSE 502', '12', 'B', '0', '0', '0', '0', '-', '-', '-', '-'),
('BS_CSE502_12', 'BS', '123119', 'CSE 502', '12', 'B', '0', '0', '0', '0', '-', '-', '-', '-'),
('BS_CSE502_12', 'BS', '123120', 'CSE 502', '12', 'B', '0', '0', '0', '0', '-', '-', '-', '-'),
('STZ_CSE501_10', 'STZ', '103001', 'CSE 501', '10', 'A', '5', '0', '0', '0', '-', '-', '-', '-'),
('STZ_CSE501_10', 'STZ', '103002', 'CSE 501', '10', 'A', '0', '0', '0', '0', '-', '-', '-', '-'),
('STZ_CSE501_10', 'STZ', '103003', 'CSE 501', '10', 'A', '0', '0', '0', '0', '-', '-', '-', '-'),
('STZ_CSE501_10', 'STZ', '103004', 'CSE 501', '10', 'A', '0', '0', '0', '0', '-', '-', '-', '-'),
('STZ_CSE501_10', 'STZ', '103005', 'CSE 501', '10', 'A', '20', '20', '20', '20', '-', '-', '-', '-'),
('STZ_CSE501_10', 'STZ', '103006', 'CSE 501', '10', 'A', '0', '0', '0', '0', '-', '-', '-', '-'),
('STZ_CSE501_10', 'STZ', '103007', 'CSE 501', '10', 'A', '0', '0', '0', '0', '-', '-', '-', '-'),
('STZ_CSE501_10', 'STZ', '103008', 'CSE 501', '10', 'A', '0', '0', '0', '0', '-', '-', '-', '-'),
('STZ_CSE501_10', 'STZ', '103009', 'CSE 501', '10', 'A', '0', '0', '0', '0', '-', '-', '-', '-'),
('STZ_CSE501_10', 'STZ', '103010', 'CSE 501', '10', 'A', '0', '0', '0', '0', '-', '-', '-', '-'),
('STZ_CSE501_10', 'STZ', '103011', 'CSE 501', '10', 'A', '0', '0', '0', '0', '-', '-', '-', '-'),
('STZ_CSE501_10', 'STZ', '103012', 'CSE 501', '10', 'A', '0', '0', '0', '0', '-', '-', '-', '-'),
('STZ_CSE501_10', 'STZ', '103013', 'CSE 501', '10', 'A', '0', '0', '0', '0', '-', '-', '-', '-'),
('STZ_CSE501_10', 'STZ', '103014', 'CSE 501', '10', 'A', '0', '0', '0', '0', '-', '-', '-', '-'),
('STZ_CSE501_10', 'STZ', '103015', 'CSE 501', '10', 'A', '0', '0', '0', '0', '-', '-', '-', '-'),
('STZ_CSE501_10', 'STZ', '103016', 'CSE 501', '10', 'A', '0', '0', '0', '0', '-', '-', '-', '-'),
('STZ_CSE501_10', 'STZ', '103017', 'CSE 501', '10', 'A', '0', '0', '0', '0', '-', '-', '-', '-'),
('STZ_CSE501_10', 'STZ', '103018', 'CSE 501', '10', 'A', '0', '0', '0', '0', '-', '-', '-', '-'),
('STZ_CSE501_10', 'STZ', '103019', 'CSE 501', '10', 'A', '0', '0', '0', '0', '-', '-', '-', '-'),
('STZ_CSE501_10', 'STZ', '103020', 'CSE 501', '10', 'A', '0', '0', '0', '0', '-', '-', '-', '-'),
('STZ_CSE501_10', 'STZ', '103021', 'CSE 501', '10', 'A', '0', '0', '0', '0', '-', '-', '-', '-'),
('STZ_CSE501_10', 'STZ', '103022', 'CSE 501', '10', 'A', '0', '0', '0', '0', '-', '-', '-', '-'),
('STZ_CSE501_10', 'STZ', '103023', 'CSE 501', '10', 'A', '0', '0', '0', '0', '-', '-', '-', '-'),
('STZ_CSE501_10', 'STZ', '103024', 'CSE 501', '10', 'A', '0', '0', '0', '0', '-', '-', '-', '-'),
('STZ_CSE501_10', 'STZ', '103025', 'CSE 501', '10', 'A', '0', '0', '0', '0', '-', '-', '-', '-'),
('STZ_CSE501_10', 'STZ', '103026', 'CSE 501', '10', 'A', '0', '0', '0', '0', '-', '-', '-', '-'),
('STZ_CSE501_10', 'STZ', '103027', 'CSE 501', '10', 'A', '0', '0', '0', '0', '-', '-', '-', '-'),
('STZ_CSE501_10', 'STZ', '103028', 'CSE 501', '10', 'A', '0', '0', '0', '0', '-', '-', '-', '-'),
('STZ_CSE501_10', 'STZ', '103029', 'CSE 501', '10', 'A', '0', '0', '0', '0', '-', '-', '-', '-'),
('STZ_CSE501_10', 'STZ', '103030', 'CSE 501', '10', 'A', '0', '0', '0', '0', '-', '-', '-', '-'),
('STZ_CSE501_10', 'STZ', '103031', 'CSE 501', '10', 'A', '0', '0', '0', '0', '-', '-', '-', '-'),
('STZ_CSE501_10', 'STZ', '103032', 'CSE 501', '10', 'A', '0', '0', '0', '0', '-', '-', '-', '-'),
('STZ_CSE501_10', 'STZ', '103033', 'CSE 501', '10', 'A', '0', '0', '0', '0', '-', '-', '-', '-'),
('STZ_CSE501_10', 'STZ', '103034', 'CSE 501', '10', 'A', '0', '0', '0', '0', '-', '-', '-', '-'),
('STZ_CSE501_10', 'STZ', '103035', 'CSE 501', '10', 'A', '0', '0', '0', '0', '-', '-', '-', '-'),
('STZ_CSE501_10', 'STZ', '103036', 'CSE 501', '10', 'A', '0', '0', '0', '0', '-', '-', '-', '-'),
('STZ_CSE501_10', 'STZ', '103037', 'CSE 501', '10', 'A', '0', '0', '0', '0', '-', '-', '-', '-'),
('STZ_CSE501_10', 'STZ', '103038', 'CSE 501', '10', 'A', '0', '0', '0', '0', '-', '-', '-', '-'),
('STZ_CSE501_10', 'STZ', '103039', 'CSE 501', '10', 'A', '0', '0', '0', '0', '-', '-', '-', '-'),
('STZ_CSE501_10', 'STZ', '103040', 'CSE 501', '10', 'A', '0', '0', '0', '0', '-', '-', '-', '-'),
('STZ_CSE501_10', 'STZ', '103041', 'CSE 501', '10', 'A', '0', '0', '0', '0', '-', '-', '-', '-'),
('STZ_CSE501_10', 'STZ', '103042', 'CSE 501', '10', 'A', '0', '0', '0', '0', '-', '-', '-', '-'),
('STZ_CSE501_10', 'STZ', '103043', 'CSE 501', '10', 'A', '0', '0', '0', '0', '-', '-', '-', '-'),
('STZ_CSE501_10', 'STZ', '103044', 'CSE 501', '10', 'A', '0', '0', '0', '0', '-', '-', '-', '-'),
('STZ_CSE501_10', 'STZ', '103045', 'CSE 501', '10', 'A', '0', '0', '0', '0', '-', '-', '-', '-'),
('STZ_CSE501_10', 'STZ', '103046', 'CSE 501', '10', 'A', '0', '0', '0', '0', '-', '-', '-', '-'),
('STZ_CSE501_10', 'STZ', '103047', 'CSE 501', '10', 'A', '0', '0', '0', '0', '-', '-', '-', '-'),
('STZ_CSE501_10', 'STZ', '103048', 'CSE 501', '10', 'A', '0', '0', '0', '0', '-', '-', '-', '-'),
('STZ_CSE501_10', 'STZ', '103049', 'CSE 501', '10', 'A', '0', '0', '0', '0', '-', '-', '-', '-'),
('STZ_CSE501_10', 'STZ', '103050', 'CSE 501', '10', 'A', '0', '0', '0', '0', '-', '-', '-', '-'),
('STZ_CSE501_10', 'STZ', '103051', 'CSE 501', '10', 'A', '0', '0', '0', '0', '-', '-', '-', '-'),
('STZ_CSE501_10', 'STZ', '103052', 'CSE 501', '10', 'A', '0', '0', '0', '0', '-', '-', '-', '-'),
('STZ_CSE501_10', 'STZ', '103053', 'CSE 501', '10', 'A', '0', '0', '0', '0', '-', '-', '-', '-'),
('STZ_CSE501_10', 'STZ', '103054', 'CSE 501', '10', 'A', '0', '0', '0', '0', '-', '-', '-', '-'),
('STZ_CSE501_10', 'STZ', '103055', 'CSE 501', '10', 'A', '0', '0', '0', '0', '-', '-', '-', '-'),
('STZ_CSE501_10', 'STZ', '103056', 'CSE 501', '10', 'A', '0', '0', '0', '0', '-', '-', '-', '-'),
('STZ_CSE501_10', 'STZ', '103057', 'CSE 501', '10', 'A', '0', '0', '0', '0', '-', '-', '-', '-'),
('STZ_CSE501_10', 'STZ', '103058', 'CSE 501', '10', 'A', '0', '0', '0', '0', '-', '-', '-', '-'),
('STZ_CSE501_10', 'STZ', '103059', 'CSE 501', '10', 'A', '0', '0', '0', '0', '-', '-', '-', '-'),
('STZ_CSE501_10', 'STZ', '103060', 'CSE 501', '10', 'A', '0', '0', '0', '0', '-', '-', '-', '-'),
('STZ_CSE507_12', 'STZ', '123001', 'CSE 507', '12', 'A', '0', '0', '0', '0', '-', '-', '-', '-'),
('STZ_CSE507_12', 'STZ', '123002', 'CSE 507', '12', 'A', '0', '0', '0', '0', '-', '-', '-', '-'),
('STZ_CSE507_12', 'STZ', '123003', 'CSE 507', '12', 'A', '0', '20', '0', '20', '-', '-', '-', '-'),
('STZ_CSE507_12', 'STZ', '123004', 'CSE 507', '12', 'A', '0', '0', '0', '0', '-', '-', '-', '-'),
('STZ_CSE507_12', 'STZ', '123005', 'CSE 507', '12', 'A', '0', '0', '0', '0', '-', '-', '-', '-'),
('STZ_CSE507_12', 'STZ', '123006', 'CSE 507', '12', 'A', '0', '0', '0', '0', '-', '-', '-', '-'),
('STZ_CSE507_12', 'STZ', '123007', 'CSE 507', '12', 'A', '0', '0', '0', '0', '-', '-', '-', '-'),
('STZ_CSE507_12', 'STZ', '123008', 'CSE 507', '12', 'A', '0', '0', '0', '0', '-', '-', '-', '-'),
('STZ_CSE507_12', 'STZ', '123009', 'CSE 507', '12', 'A', '0', '0', '0', '0', '-', '-', '-', '-'),
('STZ_CSE507_12', 'STZ', '123010', 'CSE 507', '12', 'A', '0', '0', '0', '0', '-', '-', '-', '-'),
('STZ_CSE507_12', 'STZ', '123011', 'CSE 507', '12', 'A', '0', '0', '0', '0', '-', '-', '-', '-'),
('STZ_CSE507_12', 'STZ', '123012', 'CSE 507', '12', 'A', '0', '0', '0', '0', '-', '-', '-', '-'),
('STZ_CSE507_12', 'STZ', '123013', 'CSE 507', '12', 'A', '0', '0', '0', '0', '-', '-', '-', '-'),
('STZ_CSE507_12', 'STZ', '123014', 'CSE 507', '12', 'A', '0', '0', '0', '0', '-', '-', '-', '-'),
('STZ_CSE507_12', 'STZ', '123015', 'CSE 507', '12', 'A', '0', '0', '0', '0', '-', '-', '-', '-'),
('STZ_CSE507_12', 'STZ', '123016', 'CSE 507', '12', 'A', '0', '0', '0', '0', '-', '-', '-', '-'),
('STZ_CSE507_12', 'STZ', '123017', 'CSE 507', '12', 'A', '0', '0', '0', '0', '-', '-', '-', '-'),
('STZ_CSE507_12', 'STZ', '123018', 'CSE 507', '12', 'A', '0', '0', '0', '0', '-', '-', '-', '-'),
('STZ_CSE507_12', 'STZ', '123019', 'CSE 507', '12', 'A', '0', '0', '0', '0', '-', '-', '-', '-'),
('STZ_CSE507_12', 'STZ', '123020', 'CSE 507', '12', 'A', '0', '0', '0', '0', '-', '-', '-', '-'),
('STZ_CSE507_12', 'STZ', '123021', 'CSE 507', '12', 'A', '0', '0', '0', '0', '-', '-', '-', '-'),
('STZ_CSE507_12', 'STZ', '123022', 'CSE 507', '12', 'A', '0', '0', '0', '0', '-', '-', '-', '-'),
('STZ_CSE507_12', 'STZ', '123023', 'CSE 507', '12', 'A', '0', '0', '0', '0', '-', '-', '-', '-'),
('STZ_CSE507_12', 'STZ', '123024', 'CSE 507', '12', 'A', '0', '0', '0', '0', '-', '-', '-', '-'),
('STZ_CSE507_12', 'STZ', '123025', 'CSE 507', '12', 'A', '0', '0', '0', '0', '-', '-', '-', '-'),
('STZ_CSE507_12', 'STZ', '123026', 'CSE 507', '12', 'A', '0', '0', '0', '0', '-', '-', '-', '-'),
('STZ_CSE507_12', 'STZ', '123027', 'CSE 507', '12', 'A', '0', '0', '0', '0', '-', '-', '-', '-'),
('STZ_CSE507_12', 'STZ', '123028', 'CSE 507', '12', 'A', '0', '0', '0', '0', '-', '-', '-', '-'),
('STZ_CSE507_12', 'STZ', '123029', 'CSE 507', '12', 'A', '0', '0', '0', '0', '-', '-', '-', '-'),
('STZ_CSE507_12', 'STZ', '123030', 'CSE 507', '12', 'A', '0', '0', '0', '0', '-', '-', '-', '-'),
('STZ_CSE507_12', 'STZ', '123031', 'CSE 507', '12', 'A', '0', '0', '0', '0', '-', '-', '-', '-'),
('STZ_CSE507_12', 'STZ', '123032', 'CSE 507', '12', 'A', '0', '0', '0', '0', '-', '-', '-', '-'),
('STZ_CSE507_12', 'STZ', '123033', 'CSE 507', '12', 'A', '0', '0', '0', '0', '-', '-', '-', '-'),
('STZ_CSE507_12', 'STZ', '123034', 'CSE 507', '12', 'A', '0', '0', '0', '0', '-', '-', '-', '-'),
('STZ_CSE507_12', 'STZ', '123035', 'CSE 507', '12', 'A', '0', '0', '0', '0', '-', '-', '-', '-'),
('STZ_CSE507_12', 'STZ', '123036', 'CSE 507', '12', 'A', '0', '0', '0', '0', '-', '-', '-', '-'),
('STZ_CSE507_12', 'STZ', '123037', 'CSE 507', '12', 'A', '0', '0', '0', '0', '-', '-', '-', '-'),
('STZ_CSE507_12', 'STZ', '123038', 'CSE 507', '12', 'A', '0', '0', '0', '0', '-', '-', '-', '-'),
('STZ_CSE507_12', 'STZ', '123039', 'CSE 507', '12', 'A', '0', '0', '0', '0', '-', '-', '-', '-'),
('STZ_CSE507_12', 'STZ', '123040', 'CSE 507', '12', 'A', '0', '0', '0', '0', '-', '-', '-', '-'),
('STZ_CSE507_12', 'STZ', '123041', 'CSE 507', '12', 'A', '0', '0', '0', '0', '-', '-', '-', '-'),
('STZ_CSE507_12', 'STZ', '123042', 'CSE 507', '12', 'A', '0', '0', '0', '0', '-', '-', '-', '-'),
('STZ_CSE507_12', 'STZ', '123043', 'CSE 507', '12', 'A', '0', '0', '0', '0', '-', '-', '-', '-'),
('STZ_CSE507_12', 'STZ', '123044', 'CSE 507', '12', 'A', '0', '0', '0', '0', '-', '-', '-', '-'),
('STZ_CSE507_12', 'STZ', '123045', 'CSE 507', '12', 'A', '0', '0', '0', '0', '-', '-', '-', '-'),
('STZ_CSE507_12', 'STZ', '123046', 'CSE 507', '12', 'A', '0', '0', '0', '0', '-', '-', '-', '-'),
('STZ_CSE507_12', 'STZ', '123047', 'CSE 507', '12', 'A', '0', '0', '0', '0', '-', '-', '-', '-'),
('STZ_CSE507_12', 'STZ', '123048', 'CSE 507', '12', 'A', '0', '0', '0', '0', '-', '-', '-', '-'),
('STZ_CSE507_12', 'STZ', '123049', 'CSE 507', '12', 'A', '0', '0', '0', '0', '-', '-', '-', '-'),
('STZ_CSE507_12', 'STZ', '123050', 'CSE 507', '12', 'A', '0', '0', '0', '0', '-', '-', '-', '-'),
('STZ_CSE507_12', 'STZ', '123051', 'CSE 507', '12', 'A', '0', '0', '0', '0', '-', '-', '-', '-'),
('STZ_CSE507_12', 'STZ', '123052', 'CSE 507', '12', 'A', '0', '0', '0', '0', '-', '-', '-', '-'),
('STZ_CSE507_12', 'STZ', '123053', 'CSE 507', '12', 'A', '0', '0', '0', '0', '-', '-', '-', '-'),
('STZ_CSE507_12', 'STZ', '123054', 'CSE 507', '12', 'A', '0', '0', '0', '0', '-', '-', '-', '-'),
('STZ_CSE507_12', 'STZ', '123055', 'CSE 507', '12', 'A', '0', '0', '0', '0', '-', '-', '-', '-'),
('STZ_CSE507_12', 'STZ', '123056', 'CSE 507', '12', 'A', '0', '0', '0', '0', '-', '-', '-', '-'),
('STZ_CSE507_12', 'STZ', '123057', 'CSE 507', '12', 'A', '0', '0', '0', '0', '-', '-', '-', '-'),
('STZ_CSE507_12', 'STZ', '123058', 'CSE 507', '12', 'A', '0', '0', '0', '0', '-', '-', '-', '-'),
('STZ_CSE507_12', 'STZ', '123059', 'CSE 507', '12', 'A', '0', '0', '0', '0', '-', '-', '-', '-'),
('STZ_CSE507_12', 'STZ', '123060', 'CSE 507', '12', 'A', '0', '0', '0', '0', '-', '-', '-', '-'),
('STZ_CSE507_12', 'STZ', '123061', 'CSE 507', '12', 'B', '0', '0', '0', '0', '-', '-', '-', '-'),
('STZ_CSE507_12', 'STZ', '123062', 'CSE 507', '12', 'B', '0', '0', '0', '0', '-', '-', '-', '-'),
('STZ_CSE507_12', 'STZ', '123063', 'CSE 507', '12', 'B', '10', '20', '15', '18', '-', '-', '-', '-'),
('STZ_CSE507_12', 'STZ', '123064', 'CSE 507', '12', 'B', '0', '0', '0', '0', '-', '-', '-', '-'),
('STZ_CSE507_12', 'STZ', '123065', 'CSE 507', '12', 'B', '0', '0', '0', '0', '-', '-', '-', '-'),
('STZ_CSE507_12', 'STZ', '123066', 'CSE 507', '12', 'B', '0', '0', '0', '0', '-', '-', '-', '-'),
('STZ_CSE507_12', 'STZ', '123067', 'CSE 507', '12', 'B', '0', '0', '0', '0', '-', '-', '-', '-'),
('STZ_CSE507_12', 'STZ', '123068', 'CSE 507', '12', 'B', '0', '0', '0', '0', '-', '-', '-', '-'),
('STZ_CSE507_12', 'STZ', '123069', 'CSE 507', '12', 'B', '0', '0', '0', '0', '-', '-', '-', '-'),
('STZ_CSE507_12', 'STZ', '123070', 'CSE 507', '12', 'B', '0', '0', '0', '0', '-', '-', '-', '-'),
('STZ_CSE507_12', 'STZ', '123071', 'CSE 507', '12', 'B', '0', '0', '0', '0', '-', '-', '-', '-'),
('STZ_CSE507_12', 'STZ', '123072', 'CSE 507', '12', 'B', '0', '0', '0', '0', '-', '-', '-', '-'),
('STZ_CSE507_12', 'STZ', '123073', 'CSE 507', '12', 'B', '0', '0', '0', '0', '-', '-', '-', '-'),
('STZ_CSE507_12', 'STZ', '123074', 'CSE 507', '12', 'B', '0', '0', '0', '0', '-', '-', '-', '-'),
('STZ_CSE507_12', 'STZ', '123075', 'CSE 507', '12', 'B', '0', '0', '0', '0', '-', '-', '-', '-'),
('STZ_CSE507_12', 'STZ', '123076', 'CSE 507', '12', 'B', '0', '0', '0', '0', '-', '-', '-', '-'),
('STZ_CSE507_12', 'STZ', '123077', 'CSE 507', '12', 'B', '0', '0', '0', '0', '-', '-', '-', '-'),
('STZ_CSE507_12', 'STZ', '123078', 'CSE 507', '12', 'B', '0', '0', '0', '0', '-', '-', '-', '-'),
('STZ_CSE507_12', 'STZ', '123079', 'CSE 507', '12', 'B', '0', '0', '0', '0', '-', '-', '-', '-'),
('STZ_CSE507_12', 'STZ', '123080', 'CSE 507', '12', 'B', '0', '0', '0', '0', '-', '-', '-', '-'),
('STZ_CSE507_12', 'STZ', '123081', 'CSE 507', '12', 'B', '0', '0', '0', '0', '-', '-', '-', '-'),
('STZ_CSE507_12', 'STZ', '123082', 'CSE 507', '12', 'B', '0', '0', '0', '0', '-', '-', '-', '-'),
('STZ_CSE507_12', 'STZ', '123083', 'CSE 507', '12', 'B', '0', '0', '0', '0', '-', '-', '-', '-'),
('STZ_CSE507_12', 'STZ', '123084', 'CSE 507', '12', 'B', '0', '0', '0', '0', '-', '-', '-', '-'),
('STZ_CSE507_12', 'STZ', '123085', 'CSE 507', '12', 'B', '0', '0', '0', '0', '-', '-', '-', '-'),
('STZ_CSE507_12', 'STZ', '123086', 'CSE 507', '12', 'B', '0', '0', '0', '0', '-', '-', '-', '-'),
('STZ_CSE507_12', 'STZ', '123087', 'CSE 507', '12', 'B', '0', '0', '0', '0', '-', '-', '-', '-'),
('STZ_CSE507_12', 'STZ', '123088', 'CSE 507', '12', 'B', '0', '0', '0', '0', '-', '-', '-', '-'),
('STZ_CSE507_12', 'STZ', '123089', 'CSE 507', '12', 'B', '0', '0', '0', '0', '-', '-', '-', '-'),
('STZ_CSE507_12', 'STZ', '123090', 'CSE 507', '12', 'B', '0', '0', '0', '0', '-', '-', '-', '-'),
('STZ_CSE507_12', 'STZ', '123091', 'CSE 507', '12', 'B', '0', '0', '0', '0', '-', '-', '-', '-'),
('STZ_CSE507_12', 'STZ', '123092', 'CSE 507', '12', 'B', '0', '0', '0', '0', '-', '-', '-', '-'),
('STZ_CSE507_12', 'STZ', '123093', 'CSE 507', '12', 'B', '0', '0', '0', '0', '-', '-', '-', '-'),
('STZ_CSE507_12', 'STZ', '123094', 'CSE 507', '12', 'B', '0', '0', '0', '0', '-', '-', '-', '-'),
('STZ_CSE507_12', 'STZ', '123095', 'CSE 507', '12', 'B', '0', '0', '0', '0', '-', '-', '-', '-'),
('STZ_CSE507_12', 'STZ', '123096', 'CSE 507', '12', 'B', '0', '0', '0', '0', '-', '-', '-', '-'),
('STZ_CSE507_12', 'STZ', '123097', 'CSE 507', '12', 'B', '0', '0', '0', '0', '-', '-', '-', '-'),
('STZ_CSE507_12', 'STZ', '123098', 'CSE 507', '12', 'B', '0', '0', '0', '0', '-', '-', '-', '-'),
('STZ_CSE507_12', 'STZ', '123099', 'CSE 507', '12', 'B', '0', '0', '0', '0', '-', '-', '-', '-'),
('STZ_CSE507_12', 'STZ', '123100', 'CSE 507', '12', 'B', '0', '0', '0', '0', '-', '-', '-', '-'),
('STZ_CSE507_12', 'STZ', '123101', 'CSE 507', '12', 'B', '0', '0', '0', '0', '-', '-', '-', '-'),
('STZ_CSE507_12', 'STZ', '123102', 'CSE 507', '12', 'B', '0', '0', '0', '0', '-', '-', '-', '-'),
('STZ_CSE507_12', 'STZ', '123103', 'CSE 507', '12', 'B', '0', '0', '0', '0', '-', '-', '-', '-'),
('STZ_CSE507_12', 'STZ', '123104', 'CSE 507', '12', 'B', '0', '0', '0', '0', '-', '-', '-', '-'),
('STZ_CSE507_12', 'STZ', '123105', 'CSE 507', '12', 'B', '0', '0', '0', '0', '-', '-', '-', '-'),
('STZ_CSE507_12', 'STZ', '123106', 'CSE 507', '12', 'B', '0', '0', '0', '0', '-', '-', '-', '-'),
('STZ_CSE507_12', 'STZ', '123107', 'CSE 507', '12', 'B', '0', '0', '0', '0', '-', '-', '-', '-'),
('STZ_CSE507_12', 'STZ', '123108', 'CSE 507', '12', 'B', '0', '0', '0', '0', '-', '-', '-', '-'),
('STZ_CSE507_12', 'STZ', '123109', 'CSE 507', '12', 'B', '0', '0', '0', '0', '-', '-', '-', '-'),
('STZ_CSE507_12', 'STZ', '123110', 'CSE 507', '12', 'B', '0', '0', '0', '0', '-', '-', '-', '-'),
('STZ_CSE507_12', 'STZ', '123111', 'CSE 507', '12', 'B', '0', '0', '0', '0', '-', '-', '-', '-'),
('STZ_CSE507_12', 'STZ', '123112', 'CSE 507', '12', 'B', '0', '0', '0', '0', '-', '-', '-', '-'),
('STZ_CSE507_12', 'STZ', '123113', 'CSE 507', '12', 'B', '0', '0', '0', '0', '-', '-', '-', '-'),
('STZ_CSE507_12', 'STZ', '123114', 'CSE 507', '12', 'B', '0', '0', '0', '0', '-', '-', '-', '-'),
('STZ_CSE507_12', 'STZ', '123115', 'CSE 507', '12', 'B', '0', '0', '0', '0', '-', '-', '-', '-'),
('STZ_CSE507_12', 'STZ', '123116', 'CSE 507', '12', 'B', '0', '0', '0', '0', '-', '-', '-', '-'),
('STZ_CSE507_12', 'STZ', '123117', 'CSE 507', '12', 'B', '0', '0', '0', '0', '-', '-', '-', '-'),
('STZ_CSE507_12', 'STZ', '123118', 'CSE 507', '12', 'B', '0', '0', '0', '0', '-', '-', '-', '-'),
('STZ_CSE507_12', 'STZ', '123119', 'CSE 507', '12', 'B', '0', '0', '0', '0', '-', '-', '-', '-'),
('STZ_CSE507_12', 'STZ', '123120', 'CSE 507', '12', 'B', '0', '0', '0', '0', '-', '-', '-', '-');

-- --------------------------------------------------------

--
-- Table structure for table `project_series`
--

CREATE TABLE `project_series` (
  `p_id` varchar(50) NOT NULL,
  `series` varchar(20) NOT NULL
) ENGINE=InnoDB DEFAULT CHARSET=latin1;

--
-- Dumping data for table `project_series`
--

INSERT INTO `project_series` (`p_id`, `series`) VALUES
('BS_CSE502_12', '12'),
('BS_CSE601_12', '12'),
('STZ_CSE501_10', '10'),
('STZ_CSE502_12', '12'),
('STZ_CSE507_12', '12');

-- --------------------------------------------------------

--
-- Table structure for table `student`
--

CREATE TABLE `student` (
  `Series` varchar(10) NOT NULL,
  `Section` varchar(10) NOT NULL,
  `s_id` varchar(20) NOT NULL,
  `s_name` varchar(20) DEFAULT NULL
) ENGINE=InnoDB DEFAULT CHARSET=latin1;

--
-- Dumping data for table `student`
--

INSERT INTO `student` (`Series`, `Section`, `s_id`, `s_name`) VALUES
('10', 'A', '103010', 'Biplob'),
('10', 'A', '103011', 'muaz'),
('11', 'A', '113001', 'Biplob'),
('11', 'A', '113003', 'Biplob'),
('11', 'A', '113004', 'Biplob'),
('12', 'A', '123001', 'Biplob'),
('12', 'A', '123002', 'F'),
('12', 'B', '123061', 'Md.Omar Faruk'),
('12', 'B', '123062', 'Aminul Haque Saud'),
('12', 'B', '123063', 'Nahin Ul Sadad'),
('12', 'B', '123064', 'Md.Faridul Islam'),
('12', 'B', '123065', 'Md.Mahfujur Rahman'),
('12', 'B', '123066', 'Mrinmoy Mazumdar'),
('12', 'B', '123067', 'Chowdhury Parshia'),
('12', 'B', '123068', 'Ali Azgar'),
('12', 'B', '123069', 'S M Hasibur Rahman'),
('12', 'B', '123070', 'Md.Talat Mahmud'),
('12', 'B', '123071', 'Md.Mahin Chowdhury'),
('12', 'B', '123072', 'M M Arefin Zaman'),
('12', 'B', '123073', 'Rajib Mahmud'),
('12', 'B', '123074', 'Md.Anamul Haque'),
('12', 'B', '123075', 'Asish Kumar Ghosh'),
('12', 'B', '123076', 'Mahydul Islam'),
('12', 'B', '123077', 'Md.Sakib Muhtadee'),
('12', 'B', '123078', 'Tanvir Rashid'),
('12', 'B', '123079', 'Sumaya Ishrat Moyeen'),
('12', 'B', '123080', 'Md. Fazle Rabbi'),
('12', 'B', '123084', 'Mumtahina faguni'),
('12', 'B', '123105', 'Kazi Saddam Hossain'),
('12', 'B', '123121', 'Biplob'),
('15', 'A', '153001', 'Biplob'),
('15', 'A', '153003', 'nahin biplob'),
('15', 'A', '153004', 'Angela an'),
('15', 'B', '153063', 'Nahin Ul Sadad');

-- --------------------------------------------------------

--
-- Table structure for table `teacher`
--

CREATE TABLE `teacher` (
  `t_id` varchar(50) NOT NULL,
  `t_name` varchar(50) DEFAULT NULL,
  `t_designation` varchar(50) DEFAULT NULL,
  `t_website` varchar(50) DEFAULT NULL,
  `t_rank` int(20) NOT NULL
) ENGINE=InnoDB DEFAULT CHARSET=latin1;

--
-- Dumping data for table `teacher`
--

INSERT INTO `teacher` (`t_id`, `t_name`, `t_designation`, `t_website`, `t_rank`) VALUES
('BS', 'Barshon Sen', 'Lecturer', NULL, 4),
('STZ', 'Syed Touhid Zuhori', 'Assistant Professor', 'teacher/stz/', 3),
('SZM', 'Sadia Zaman Mishu', 'Lecturer', 'teacher/szm/', 4);

-- --------------------------------------------------------

--
-- Table structure for table `teacher_list`
--

CREATE TABLE `teacher_list` (
  `t_id` varchar(50) NOT NULL,
  `t_name` varchar(50) DEFAULT NULL,
  `t_designation` varchar(50) DEFAULT NULL,
  `t_website` varchar(50) DEFAULT NULL,
  `t_rank` int(20) NOT NULL,
  `t_series` date NOT NULL
) ENGINE=InnoDB DEFAULT CHARSET=latin1;

--
-- Dumping data for table `teacher_list`
--

INSERT INTO `teacher_list` (`t_id`, `t_name`, `t_designation`, `t_website`, `t_rank`, `t_series`) VALUES
('AH', 'Dr. Md. Ali Hossain', 'Lecturer', NULL, 4, '2003-01-01'),
('AS', 'Abu Sayeed', 'Lecturer', NULL, 4, '2009-01-01'),
('BA', 'Dr.Boshir Ahmed', 'Associate Professor', NULL, 2, '1995-01-01'),
('BP', 'Biprodip Pal', 'Assistant Professor', NULL, 3, '2006-01-01'),
('BS', 'Barshon Sen', 'Lecturer', NULL, 4, '2009-01-01'),
('EKH', 'Emrana Kabir Hashi', 'Lecturer', NULL, 4, '2008-01-01'),
('FM', 'Firoz Mahmud', 'Assistant Professor', NULL, 3, '2004-01-01'),
('JR', 'Julia Rahman', 'Assistant Professor', NULL, 3, '2006-01-01'),
('MA', 'Mumu Aktar', 'Lecturer', NULL, 4, '2008-01-01'),
('MAH', 'Md. Arafat Hossain', 'Assistant Professor', NULL, 3, '2003-01-01'),
('MAM', 'Dr. Md. Al Mamun', 'Associate Professor', NULL, 2, '2000-01-01'),
('MRI', 'Dr. Md. Rabiul Islam', 'Professor', NULL, 1, '1998-01-01'),
('NMI', 'Dr. Md. Nazrul Islam Mondal', 'Professor', NULL, 1, '1995-01-01'),
('RT', 'Rizwan Toufiq', 'Assistant Professor', NULL, 3, '2006-01-01'),
('SA', 'Shyla Afroz', 'Assistant Professor', NULL, 3, '2005-01-01'),
('SSM', 'Shafika Moni', 'Lecturer', NULL, 4, '2009-01-01'),
('STZ', 'Syed Touhid Zuhori', 'Assistant Professor', 'teacher/stz/', 3, '2004-01-01'),
('SUZ', 'Dr. Shahid Uz Zaman', 'Professor', NULL, 1, '1986-01-01'),
('SZM', 'Sadia Zaman Mishu', 'Lecturer', 'teacher/szm/', 4, '2009-01-01');

-- --------------------------------------------------------

--
-- Table structure for table `update_status`
--

CREATE TABLE `update_status` (
  `t_id` varchar(20) NOT NULL,
  `c_id` varchar(20) NOT NULL,
  `status` varchar(500) NOT NULL,
  `dates` date NOT NULL,
  `no` int(20) NOT NULL,
  `p_id` varchar(50) DEFAULT NULL
) ENGINE=InnoDB DEFAULT CHARSET=latin1;

--
-- Dumping data for table `update_status`
--

INSERT INTO `update_status` (`t_id`, `c_id`, `status`, `dates`, `no`, `p_id`) VALUES
('SZM', 'CSE 501', '1st class test will be held in 2E. Syllabus is chapter 2 and 3.', '2016-01-22', 27, NULL),
('SZM', 'CSE 501', '2nd class test will be held in 5E. Syllabus is chapter 5 and 6.', '2016-01-22', 28, NULL),
('SZM', 'CSE 501', 'Class test of tomorrow will not be held.', '2016-01-22', 29, NULL),
('SZM', 'CSE 501', '3rd class test will be held in 5E. Syllabus is chapter 9', '2016-03-06', 30, NULL),
('STZ', 'CSE 501', 'ok2', '2016-05-14', 32, NULL),
('STZ', 'CSE 501', 'ok1', '2016-05-14', 33, NULL),
('STZ', 'CSE 501', 'ok3456', '2016-07-27', 34, NULL),
('STZ', 'CSE 501', 'nahin ul sadad \r\n\r\n\r\n\r\n\r\n\r\n\r\n\r\n\r\nnahin ul sadad\r\nok', '2016-07-28', 38, 'STZ_CSE501_10'),
('STZ', 'CSE 502', 'majjlkdjflkjsfklsj', '2016-07-28', 39, 'STZ_CSE502_10'),
('STZ', 'CSE 501', 'nahin ul sadad testing\r\n', '2016-07-28', 40, 'STZ_CSE501_15'),
('STZ', 'CSE 507', 'CT result has been published.', '2016-10-05', 41, 'STZ_CSE507_12'),
('BS', 'CSE 601', 'CT1 result has been published.', '2016-10-29', 43, 'BS_CSE601_12');

-- --------------------------------------------------------

--
-- Table structure for table `user_student`
--

CREATE TABLE `user_student` (
  `username` varchar(20) NOT NULL,
  `password` varchar(80) NOT NULL,
  `authorize` int(20) NOT NULL
) ENGINE=InnoDB DEFAULT CHARSET=latin1;

--
-- Dumping data for table `user_student`
--

INSERT INTO `user_student` (`username`, `password`, `authorize`) VALUES
('103010', '$2y$12$tllplFgFyZrsJerWW2W17.EJwyZvQVjz0aZn6kow6YjGYaYq0zYiG', 1),
('103011', '1234', 1),
('113001', '1234', 1),
('113003', '1234', 1),
('113004', '1234', 1),
('123001', '1234', 1),
('123002', '1234', 1),
('123061', '1234', 1),
('123062', '1234', 1),
('123063', '$2y$12$tllplFgFyZrsJerWW2W17.EJwyZvQVjz0aZn6kow6YjGYaYq0zYiG', 1),
('123064', '1234', 1),
('123065', '1234', 2),
('123066', '1234', 1),
('123067', '1234', 1),
('123068', '1234', 1),
('123069', '1234', 2),
('123070', '1234', 2),
('123071', '1234', 2),
('123072', '1234', 2),
('123073', '1234', 2),
('123074', '1234', 2),
('123075', '1234', 2),
('123076', '1234', 2),
('123077', '1234', 2),
('123078', '1234', 2),
('123079', '1234', 2),
('123080', '1234', 1),
('123084', '1234', 1),
('123105', '$2y$12$znJWm.kXz2NU2SfEzzR4verkay2FjCWfrTq6PeIcgdOzvdmxBcksq', 1),
('123121', '1234', 1),
('153001', '1234', 1),
('153003', '$2y$12$tllplFgFyZrsJerWW2W17.EJwyZvQVjz0aZn6kow6YjGYaYq0zYiG', 2),
('153004', '$2y$12$pW0pFAcxVq7uJfwXbHbaz./nk7tfyRaQboDITsDPnO7n3ZoibKuOy', 2),
('153063', '1234', 1);

-- --------------------------------------------------------

--
-- Table structure for table `user_teacher`
--

CREATE TABLE `user_teacher` (
  `username` varchar(20) NOT NULL,
  `password` varchar(80) NOT NULL
) ENGINE=InnoDB DEFAULT CHARSET=latin1;

--
-- Dumping data for table `user_teacher`
--

INSERT INTO `user_teacher` (`username`, `password`) VALUES
('BS', '$2y$12$1HwPRQtyC/AEbWLcxGjR1uXvhMdo/TXSc0wMJfC8J/9Qat5oJiOBG'),
('STZ', '$2y$12$1HwPRQtyC/AEbWLcxGjR1uXvhMdo/TXSc0wMJfC8J/9Qat5oJiOBG'),
('SZM', '$2y$12$n7vUF7O5KxDewcFbfQBdf.OJpetsEVbPKFn9WEZVaQNTrr8QO/nVG');

--
-- Indexes for dumped tables
--

--
-- Indexes for table `admin`
--
ALTER TABLE `admin`
  ADD PRIMARY KEY (`username`);

--
-- Indexes for table `archived_project`
--
ALTER TABLE `archived_project`
  ADD PRIMARY KEY (`p_id`,`t_id`,`s_id`,`c_id`),
  ADD KEY `t_id` (`t_id`),
  ADD KEY `s_id` (`s_id`),
  ADD KEY `c_id` (`c_id`),
  ADD KEY `t_id_2` (`t_id`),
  ADD KEY `c_id_2` (`c_id`);

--
-- Indexes for table `course`
--
ALTER TABLE `course`
  ADD PRIMARY KEY (`c_id`);

--
-- Indexes for table `course_plan`
--
ALTER TABLE `course_plan`
  ADD PRIMARY KEY (`no`),
  ADD KEY `t_id` (`t_id`),
  ADD KEY `c_id` (`c_id`);

--
-- Indexes for table `notice`
--
ALTER TABLE `notice`
  ADD PRIMARY KEY (`no`);

--
-- Indexes for table `project`
--
ALTER TABLE `project`
  ADD PRIMARY KEY (`p_id`,`t_id`,`s_id`,`c_id`),
  ADD KEY `t_id` (`t_id`),
  ADD KEY `s_id` (`s_id`),
  ADD KEY `c_id` (`c_id`),
  ADD KEY `p_id` (`p_id`);

--
-- Indexes for table `project_series`
--
ALTER TABLE `project_series`
  ADD PRIMARY KEY (`p_id`);

--
-- Indexes for table `student`
--
ALTER TABLE `student`
  ADD PRIMARY KEY (`s_id`);

--
-- Indexes for table `teacher`
--
ALTER TABLE `teacher`
  ADD PRIMARY KEY (`t_id`);

--
-- Indexes for table `teacher_list`
--
ALTER TABLE `teacher_list`
  ADD PRIMARY KEY (`t_id`);

--
-- Indexes for table `update_status`
--
ALTER TABLE `update_status`
  ADD PRIMARY KEY (`no`),
  ADD KEY `t_id` (`t_id`),
  ADD KEY `c_id` (`c_id`);

--
-- Indexes for table `user_student`
--
ALTER TABLE `user_student`
  ADD PRIMARY KEY (`username`);

--
-- Indexes for table `user_teacher`
--
ALTER TABLE `user_teacher`
  ADD PRIMARY KEY (`username`),
  ADD KEY `username` (`username`);

--
-- AUTO_INCREMENT for dumped tables
--

--
-- AUTO_INCREMENT for table `course_plan`
--
ALTER TABLE `course_plan`
  MODIFY `no` int(200) NOT NULL AUTO_INCREMENT, AUTO_INCREMENT=54;
--
-- AUTO_INCREMENT for table `notice`
--
ALTER TABLE `notice`
  MODIFY `no` int(20) NOT NULL AUTO_INCREMENT, AUTO_INCREMENT=28;
--
-- AUTO_INCREMENT for table `update_status`
--
ALTER TABLE `update_status`
  MODIFY `no` int(20) NOT NULL AUTO_INCREMENT, AUTO_INCREMENT=44;
--
-- Constraints for dumped tables
--

--
-- Constraints for table `archived_project`
--
ALTER TABLE `archived_project`
  ADD CONSTRAINT `c_ap_fk` FOREIGN KEY (`c_id`) REFERENCES `course` (`c_id`) ON DELETE CASCADE ON UPDATE CASCADE,
  ADD CONSTRAINT `ps_ap_fk` FOREIGN KEY (`p_id`) REFERENCES `project_series` (`p_id`) ON DELETE CASCADE ON UPDATE CASCADE,
  ADD CONSTRAINT `t_ap_fk` FOREIGN KEY (`t_id`) REFERENCES `teacher` (`t_id`) ON DELETE CASCADE ON UPDATE CASCADE;

--
-- Constraints for table `course_plan`
--
ALTER TABLE `course_plan`
  ADD CONSTRAINT `c_cp_fk` FOREIGN KEY (`c_id`) REFERENCES `course` (`c_id`) ON DELETE CASCADE ON UPDATE CASCADE,
  ADD CONSTRAINT `t_cp_fk` FOREIGN KEY (`t_id`) REFERENCES `teacher` (`t_id`) ON DELETE CASCADE ON UPDATE CASCADE;

--
-- Constraints for table `project`
--
ALTER TABLE `project`
  ADD CONSTRAINT `c_p_fk` FOREIGN KEY (`c_id`) REFERENCES `course` (`c_id`) ON DELETE CASCADE ON UPDATE CASCADE,
  ADD CONSTRAINT `ps_p_fk` FOREIGN KEY (`p_id`) REFERENCES `project_series` (`p_id`) ON DELETE CASCADE ON UPDATE CASCADE,
  ADD CONSTRAINT `t_p_fk` FOREIGN KEY (`t_id`) REFERENCES `teacher` (`t_id`) ON DELETE CASCADE ON UPDATE CASCADE;

--
-- Constraints for table `update_status`
--
ALTER TABLE `update_status`
  ADD CONSTRAINT `c_us_fk` FOREIGN KEY (`c_id`) REFERENCES `course` (`c_id`) ON DELETE CASCADE ON UPDATE CASCADE,
  ADD CONSTRAINT `t_us_fk` FOREIGN KEY (`t_id`) REFERENCES `teacher` (`t_id`) ON DELETE CASCADE ON UPDATE CASCADE;

--
-- Constraints for table `user_student`
--
ALTER TABLE `user_student`
  ADD CONSTRAINT `s_us_fk` FOREIGN KEY (`username`) REFERENCES `student` (`s_id`) ON DELETE CASCADE ON UPDATE CASCADE;

--
-- Constraints for table `user_teacher`
--
ALTER TABLE `user_teacher`
  ADD CONSTRAINT `t_ut_fk` FOREIGN KEY (`username`) REFERENCES `teacher` (`t_id`) ON DELETE CASCADE ON UPDATE CASCADE;

/*!40101 SET CHARACTER_SET_CLIENT=@OLD_CHARACTER_SET_CLIENT */;
/*!40101 SET CHARACTER_SET_RESULTS=@OLD_CHARACTER_SET_RESULTS */;
/*!40101 SET COLLATION_CONNECTION=@OLD_COLLATION_CONNECTION */;
